{"train": [0.03970583685570293, 0.029540962116284805, 0.027723036894593576, 0.026966707923007434, 0.02655523663687736, 0.026184242753067404, 0.025892383981533724, 0.025749118988298708, 0.02552275611463972, 0.025334622713765412, 0.025228999349091088, 0.02512954333797097, 0.02505638093941591, 0.024961376925836307, 0.024830452625573887, 0.024765081148632247, 0.024632523290700082, 0.02459565516410753, 0.02455088391975321, 0.02444276973097162, 0.0244861509378134, 0.02436964244421835, 0.024345854968020712, 0.024199008492922242, 0.024262579737438096, 0.02419546140132077, 0.02419458171070525, 0.024131591482595964, 0.024104106461986748, 0.023974037787528952, 0.02402314916535309, 0.023981490217600807, 0.02387394556267695, 0.02395155779791601, 0.023840471059836523, 0.023849620054842847, 0.02379473660874999, 0.023865185428711803, 0.023713335763625425, 0.02370449909093705, 0.02369469062641564, 0.023643041997583526, 0.023696900196749755, 0.023617963821185056, 0.02362391667327646, 0.023595570939395464, 0.023552092322797487, 0.023494462086583928, 0.023603351195013583, 0.023457635649376446], "val": [2.09178637686046, 1.1248792465399151, 0.44005913567929134, 0.31140336466704305, 0.20208164554858496, 0.13836954712023136, 0.2417149781456843, 0.12266816654306674, 0.06501983036758446, 0.05670361201229848, 0.0343174802192189, 0.03851066565193869, 0.03273337990467848, 0.030645273429782766, 0.030117526099930406, 0.03470615970973785, 0.030727727172768067, 0.030346977498065603, 0.02972250644434319, 0.03051098177458352, 0.03145927366487652, 0.03035250781217085, 0.03279832825969588, 0.03731504867705498, 0.031868534185263794, 0.03304452371787325, 0.03878775698242159, 0.035021421081020764, 0.039755768651663054, 0.04429276994908387, 0.041316183578026924, 0.0323335791180129, 0.0348975490099988, 0.06694532814718451, 0.044585867426716365, 0.03582209554549895, 0.03730037217952221, 0.03765252611867571, 0.033710700373055964, 0.030669559630365505, 0.04352008064959937, 0.03689632854360318, 0.03259541356732488, 0.03136758426362686, 0.03996363925457242, 0.03477546395470015, 0.037151181436924315, 0.03736492140060253, 0.03506520389756452, 0.032585706795577096]}