{"train": [0.023436938216815695, 0.023437178400204036, 0.023383256571009904, 0.023374401807145336, 0.02336312098748455, 0.02337058236766042, 0.02332941225513515, 0.023346627151800525, 0.023259503212804445, 0.023289054984019862, 0.023322770467046835, 0.02330208092626899, 0.023267516787305022, 0.023246052262909486, 0.023247332939633516, 0.02327123195440932, 0.023244688439775597, 0.023270098827403, 0.02321359123187986, 0.023285793371009406, 0.02322916001213169, 0.02323336833429457, 0.023162012317716474, 0.02317706235411643, 0.023191234121343704, 0.023197459229127023, 0.023191799511286346, 0.02319621919663717, 0.02317061750970856, 0.023221830225954154, 0.023177625687623566, 0.023215915414156636, 0.023192468080481494, 0.023120141354850448, 0.023097404754824108, 0.02311913604857494, 0.02308737084627001, 0.02320291619522102, 0.023140923486966076, 0.023145392142951186, 0.023197643822905692, 0.02313970642239608, 0.023178211788675098, 0.023147258107936143, 0.02308604855071565, 0.023102683466718052, 0.023164365106647967, 0.02312494824273568, 0.023045853404986737, 0.023048987264998936], "val": [0.03222226300974365, 0.03179707584020339, 0.03360502202410688, 0.03312361481701314, 0.03590898579250463, 0.03431298272299622, 0.035321263264608285, 0.03485799571763166, 0.03397218679428583, 0.033260680780357675, 0.03314719291833731, 0.032283000557528814, 0.03470137228186314, 0.03451848819640725, 0.03331940212411436, 0.035395489900037345, 0.036502874641102336, 0.033219779634222325, 0.036295624857067096, 0.03525457237866002, 0.035180661246663164, 0.033468892526349076, 0.03394618185485906, 0.034022919162504585, 0.03593073496481909, 0.03512990444536634, 0.03530676851448743, 0.03666774139773508, 0.032948863817009365, 0.03457269150205711, 0.03291084072910822, 0.03276852507762581, 0.03374014124425075, 0.03532615662948323, 0.034069661028411705, 0.03301963247057156, 0.03283035877322861, 0.03727162094703811, 0.03647432449134255, 0.04023405812258421, 0.03512764486827349, 0.04189971786158288, 0.038010462281494004, 0.03658105803253921, 0.03562479082736288, 0.0361273786513067, 0.03941004138877276, 0.034134409062353224, 0.037417012308290615, 0.037914033617205946]}