{
  "train": [
    0.029354358032564462, 0.026394067932606527, 0.025818947073909256,
    0.025474918832783758, 0.025222570726813876, 0.024996333388868072,
    0.024833773480547282, 0.024658344299551327, 0.024578665872387256,
    0.0245234145403949
  ],
  "val": [
    0.03638594878844947, 0.07576802402854445, 0.05471710130632163,
    0.05084624653121075, 0.036102148700490534, 0.03176046655808826,
    0.05460191533029319, 0.040212340780111204, 0.06927763583909077,
    0.09424744930911255
  ]
}
