{"train": [0.023049537403828868, 0.023089065794089828, 0.02301605177215404, 0.02299278394196822, 0.023010987787498067, 0.023075705399793207, 0.023131120969738923, 0.02306226935482236, 0.023141466672861516, 0.02305686418907811, 0.023046843687806167, 0.023044920813367523, 0.023077082186184747, 0.023052269444245883, 0.02302891333314656, 0.023089922799004448, 0.023032080091423157, 0.02303265036375384, 0.023079669216854705, 0.023092761245377437, 0.023031432869270292, 0.02305688431787521, 0.023016339652428424, 0.023054892505810717, 0.023014854823210924, 0.02303986129059334, 0.02305912696709386, 0.02307073902338743, 0.023060341662906034, 0.023023821012766073, 0.023111469801891632, 0.02296321966657133, 0.023087930139342343, 0.02302389954771809, 0.02299355844581368, 0.022967477487117954, 0.023032671890475535, 0.023029662519128937, 0.023048595054018677, 0.023039732672123597, 0.02302821653735156, 0.023110472745817116, 0.023008113819165062, 0.023005711050196127, 0.02299203373247174, 0.02307043189201692, 0.02306677053466138, 0.02306352486796301, 0.023065165256272363, 0.023032829480603187, 0.022965010368462765, 0.023053196772481455, 0.022948839085534065, 0.023026839036946044, 0.023020332352719223, 0.023093166399860022, 0.023064169965007087, 0.023054121524998635, 0.022994091511337144, 0.02300082418145706], "val": [0.0372272002612531, 0.03606941060800301, 0.036822258649386375, 0.03775363416233767, 0.03617276506204354, 0.03851354372525505, 0.0378332122828555, 0.03804623510552804, 0.0383590253801481, 0.038160578268561285, 0.03879603876276055, 0.03874219257972742, 0.03970272690510219, 0.03863503602955506, 0.03693809884370339, 0.03785189821833541, 0.03606318266919026, 0.037327740039782, 0.03657690909981486, 0.03991090090047975, 0.038628603765356394, 0.037713406094715664, 0.03683623118016884, 0.03742729027864904, 0.03840191997889324, 0.03758105769120006, 0.03703220601868533, 0.03780698517586297, 0.03924556933192589, 0.0362179863534355, 0.0363222626735445, 0.037562117772365386, 0.0378853453526854, 0.041121640306735326, 0.03999697052032841, 0.037550013670735516, 0.03988313524859396, 0.037447813227169426, 0.03881608678201432, 0.03676535800732823, 0.0375836350491293, 0.04045425827505617, 0.03828677998833087, 0.03785998264124036, 0.03670649669370671, 0.037769477739025226, 0.037854581015554035, 0.037811432569193455, 0.03774849468698868, 0.038726487359114985, 0.03919047283136893, 0.03800128855052506, 0.03806034231234176, 0.03555563230233395, 0.037096685266144847, 0.039157013729335326, 0.03600347698157133, 0.039519919587774316, 0.037499029702141216, 0.037016787283454346]}